name,building_type_for_wwr,num_std_ltg_types,std_ltg_type01,std_ltg_type_frac01,std_ltg_type02,std_ltg_type_frac02,std_ltg_type03,std_ltg_type_frac03,std_ltg_type04,std_ltg_type_frac04,std_ltg_type05,std_ltg_type_frac05,std_ltg_type06,std_ltg_type_frac06,std_ltg_type07,std_ltg_type_frac07,std_ltg_type08,std_ltg_type_frac08,std_ltg_type09,std_ltg_type_frac09,std_ltg_type10,std_ltg_type_frac10,std_ltg_type11,std_ltg_type_frac11,std_ltg_type12,std_ltg_type_frac12,std_ltg_type13,std_ltg_type_frac13,std_ltg_type14,std_ltg_type_frac14,std_ltg_type15,std_ltg_type_frac15,std_ltg_type16,std_ltg_type_frac16,std_ltg_type17,std_ltg_type_frac17,std_ltg_type18,std_ltg_type_frac18,std_ltg_type19,std_ltg_type_frac19,std_ltg_type20,std_ltg_type_frac20
Perimeter_bot_ZN_1,"Retail (strip mall)",1,"retail - whole building",1,,,,,,,,,,,,,,,,,,,,,,,,,,,,,,,,,,,,,,
Perimeter_bot_ZN_2,"Retail (strip mall)",1,"retail mall concourse",1,,,,,,,,,,,,,,,,,,,,,,,,,,,,,,,,,,,,,,
Perimeter_bot_ZN_3,"Retail (strip mall)",1,"retail - whole building",1,,,,,,,,,,,,,,,,,,,,,,,,,,,,,,,,,,,,,,
Perimeter_bot_ZN_4,"Retail (strip mall)",1,"retail - whole building",1,,,,,,,,,,,,,,,,,,,,,,,,,,,,,,,,,,,,,,
