{
    "title": "ASHRAE 90.1 PRM Air Loop HVAC User Data",
    "definitions": {
        "UserDataAirLoopHVACData": {
            "type": "object",
            "properties": {
                "userdata_airloop_hvac": {
                    "type": "array",
                    "description": "List of userdata_airloop_hvac rows",
                    "items": {
                        "$ref": "#/definitions/UserDataAirLoopHVAC"
                    }
                }
            }
        },
        "UserDataAirLoopHVAC": {
            "type": "object",
            "description": "User data air loop HVAC object",
            "properties": {
                "name": {
                    "type": "string",
                    "description": "Identifier or name for the air loop configuration"
                },
                "has_fan_power_credit_fully_ducted": {
                    "type": "integer",
                    "description": "Fan power credit for fully ducted systems",
                    "default": 0,
                    "minimum": 0,
                    "$comment": "Set this field to the number of return or exhaust systems required by code or accreditation standards to be fully ducted, or systems required to maintain air pressure differentials between adjacent rooms that the airloop HVAC object includes. If it doesnt apply, set this field to 0."
                },
                "has_fan_power_credit_return_or_exhaust_flow_control": {
                    "type": "integer",
                    "description": "Fan power credit for return or exhaust flow control",
                    "default": 0,
                    "minimum": 0,
                    "$comment": "Set this field to the number of return and/or exhaust airflow control devices that the airloop HVAC object includes. If it doesnt apply, set this field to 0."
                },
                "fan_power_credit_exhaust_treatment": {
                    "type": "integer",
                    "description": "Fan power credit for exhaust treatment",
                    "default": 0,
                    "minimum": 0,
                    "$comment": "Set this field to the sum of the pressure-drop (calculated at fan system design conditions) of all exhaust filters, scrubbers, or other exhaust treatment devices that the airloop HVAC object includes. If it doesnt apply, set this field to 0."
                },
                "has_fan_power_credit_filtration_m9to12": {
                    "type": "integer",
                    "description": "Fan power credit for MERV 9-12 filtration",
                    "default": 0,
                    "minimum": 0,
                    "$comment": "Set this field to the number of MERV 9 through 12 filters that the airloop HVAC object includes. If it doesnt apply, set this field to 0."
                },
                "has_fan_power_credit_filtration_m13to15": {
                    "type": "integer",
                    "default": 0,
                    "minimum": 0,
                    "description": "Fan power credit for MERV 13-15 filtration",
                    "$comment": "Set this field to the number of MERV 13 through 15 filters that the airloop HVAC object includes. If it doesnt apply, set this field to 0."
                },
                "clean_filter_pressure_drop_for_fan_power_credit_filtration_m16plus": {
                    "type": "integer",
                    "default": 0,
                    "minimum": 0,
                    "description": "Clean filter pressure drop for MERV 16+ filtration fan power credit",
                    "$comment": "Set this field to the sum of the pressure-drop (calculated at 2 times the clean filter pressure-drop at fan system design conditions) of all MERV 16+ filters and electronically enhanced filters that the airloop HVAC object includes. If it doesnt apply, set this field to 0."
                },
                "fan_power_credit_gas_phase_cleaners": {
                    "type": "integer",
                    "default": 0,
                    "minimum": 0,
                    "description": "Fan power credit for gas phase cleaners",
                    "$comment": "Set this field to the sum of carbon and other gas-phase air cleaners’ pressure-drop (at the fan system design conditions) that the airloop HVAC object includes. If it doesnt apply, set this field to 0."
                },
                "fan_power_credit_biosafety": {
                    "type": "integer",
                    "default": 0,
                    "minimum": 0,
                    "description": "Fan power credit for biosafety measures",
                    "$comment": "Set this field to the sum of the pressure-drop (calculated at fan system design conditions) of biosafety cabinets that the airloop HVAC object includes. If it doesnt apply, set this field to 0."
                },
                "fan_power_credit_other_than_coil_runaround": {
                    "type": "integer",
                    "default": 0,
                    "minimum": 0,
                    "description": "Fan power credit for other than coil runaround",
                    "$comment": "Set this field to the number of energy recovery devices other than coil runaround loop that the airloop HVAC object includes. If it doesnt apply, set this field to 0."
                },
                "has_fan_power_credit_coil_runaround": {
                    "type": "integer",
                    "default": 0,
                    "minimum": 0,
                    "description": "Fan power credit for coil runaround",
                    "$comment": "Set this field to the number of runaround loop that the airloop HVAC object includes. If it doesnt apply, set this field to 0."
                },
                "fan_power_credit_evaporative_humidifier_or_cooler": {
                    "type": "integer",
                    "default": 0,
                    "minimum": 0,
                    "description": "Fan power credit for evaporative humidifier or cooler",
                    "$comment": "Set this field to the sum of the pressure-drop (calculated at fan system design conditions) of the evaporative humidifier or cooler that the airloop HVAC object includes. If it doesnt apply, set this field to 0."
                },
                "has_fan_power_credit_sound_attenuation": {
                    "type": "integer",
                    "default": 0,
                    "minimum": 0,
                    "description": "Fan power credit for sound attenuation",
                    "$comment": "Set this field to the number of sound attenuation sections of fans serving spaces with design background noise goals below NC35 that the airloop HVAC object includes. If it doesnt apply, set this field to 0."
                },
                "has_fan_power_credit_exhaust_serving_fume_hoods": {
                    "type": "integer",
                    "default": 0,
                    "minimum": 0,
                    "description": "Fan power credit for exhaust serving fume hoods",
                    "$comment": "Set this field to the number of exhaust systems serving fume hoods that the airloop HVAC object includes. If it doesnt apply, set this field to 0."
                },
                "has_fan_power_credit_lab_or_vivarium_highrise_vertical_duct": {
                    "type": "integer",
                    "default": 0,
                    "minimum": 0,
                    "description": "Fan power credit for lab or vivarium highrise vertical duct",
                    "$comment": "Set this field to the number of laboratory and vivarium exhaust systems in high-rise buildings that the airloop HVAC object includes. If it doesnt apply, set this field to 0."
                },
                "economizer_exception_for_gas_phase_air_cleaning": {
                    "type": [
                        "boolean"
                    ],
                    "default": false,
                    "description": "Economizer exception for gas phase air cleaning",
                    "$comment": "Set this field to true if the airloop HVAC object include gas-phase air cleaning to meet the requirements of Standard 62.1, Section 6.1.2. If it doesnt apply leave this field blank or set to false."
                },
                "economizer_exception_for_open_refrigerated_cases": {
                    "type": [
                        "boolean"
                    ],
                    "default": false,
                    "description": "Economizer exception for open refrigerated cases",
                    "$comment": "Set this field to true where the use of outdoor air for cooling by the airloop HVAC object would affect supermarket open refrigerated case-work systems. If it doesnt apply leave this field blank or set to false."
                },
                "exhaust_energy_recovery_exception_for_toxic_fumes_etc": {
                    "type": [
                        "boolean"
                    ],
                    "default": false,
                    "description": "Exhaust energy recovery exception for toxic fumes",
                    "$comment": "Set this field to true if the airloop HVAC object is exhausting toxic, flammable, or corrosive fumes or paint or dust. If it doesnt apply leave this field blank or set to false."
                },
                "exhaust_energy_recovery_exception_for_type1_kitchen_hoods": {
                    "type": [
                        "boolean"
                    ],
                    "default": false,
                    "description": "Exhaust energy recovery exception for Type 1 kitchen hoods",
                    "$comment": "Set this field to true if the airloop HVAC object includes commercial kitchen hoods (grease) classified as Type 1 by NFPA 96. If it doesnt apply leave this field blank or set to false"
                },
                "exhaust_energy_recovery_exception_for_type_distributed_exhaust": {
                    "type": [
                        "boolean"
                    ],
                    "default": false,
                    "description": "Exhaust energy recovery exception for distributed exhaust",
                    "$comment": "Set this field to true when the airloop HVAC object largest exhaust source is less than 75% of the design outdoor airflow. If it doesnt apply leave this field blank or set to false."
                },
                "exhaust_energy_recovery_exception_for_dehumidifcation_with_series_cooling_recovery": {
                    "type": [
                        "boolean"
                    ],
                    "default": false,
                    "description": "Exhaust energy recovery exception for dehumidification with series cooling recovery",
                    "$comment": "Set this field to true when the airloop HVAC object is requiring dehumidification that employ energy recovery in series with the cooling coil. If it doesnt apply leave this field blank or set to false."
                },
                "dcv_exception_airloop": {
                    "type": [
                        "boolean"
                    ],
                    "default": false,
                    "description": "Demand-controlled ventilation exception for air loop",
                    "$comment": "Set this field to true if any of the exceptions under the section 6.4.3.8 applies. If it doesnt apply leave this field blank or set to false."
                }
            },
            "required": [
                "name"
            ],
            "additionalProperties": false
        }
    }
}
